,wheel_left,wheel_right,ir_0,ir_1,ir_2,ir_3
0,31,39,251,721,333,339
1,31,39,251,722,333,339
2,31,39,251,721,333,339
3,31,39,251,721,333,339
4,31,39,251,721,333,339
5,31,39,251,721,333,339
6,31,39,252,722,334,339
7,31,39,252,722,334,339
8,31,39,251,721,333,339
9,31,39,251,721,333,339
10,31,39,251,722,333,339
11,31,39,251,721,333,339
12,31,39,251,721,333,339
13,31,39,251,721,333,339
14,31,39,251,721,333,339
15,31,39,252,722,334,339
16,31,39,251,722,334,339
17,31,39,251,721,333,339
18,31,39,251,721,333,339
19,31,39,251,721,333,339
20,31,39,251,721,333,339
21,31,39,251,721,334,339
22,31,39,251,721,334,339
23,31,39,251,721,333,339
24,31,39,251,721,334,339
25,31,39,251,722,333,339
26,31,39,251,721,333,339
27,31,39,251,721,333,339
28,31,39,251,721,333,339
29,31,39,251,721,333,339
30,31,39,251,721,334,339
31,31,39,251,721,333,339
32,31,39,252,721,334,339
33,31,39,251,721,333,339
34,31,39,251,721,333,339
35,31,39,251,721,334,339
36,31,39,254,722,337,340
37,31,39,272,728,354,342
38,31,39,303,737,381,359
39,31,39,313,736,367,364
40,35,0,330,731,412,408
41,31,39,325,730,373,356
42,31,39,330,727,351,347
43,31,39,299,731,328,321
44,31,39,294,731,322,301
45,31,39,314,733,338,306
46,31,39,338,722,341,307
47,31,39,338,686,330,314
48,31,39,358,639,336,309
49,31,39,386,611,318,284
50,0,35,486,554,259,292
51,0,35,495,396,255,282
52,0,35,599,312,235,238
53,0,35,506,276,229,277
54,0,35,447,465,260,250
55,31,39,351,574,244,252
56,31,39,279,624,234,244
57,31,39,271,647,297,241
58,31,39,211,651,367,251
59,31,39,219,636,303,269
60,31,39,219,610,220,250
61,31,39,259,649,289,228
62,31,39,270,647,267,273
63,31,39,253,612,255,253
64,31,39,299,545,330,291
65,31,39,305,569,265,217
66,31,39,342,575,286,158
67,31,39,311,570,201,212
68,31,39,332,559,294,224
69,31,39,304,567,271,190
70,31,39,320,587,250,271
71,31,39,250,607,258,275
72,31,39,262,625,264,300
73,31,39,219,634,277,207
74,31,39,204,648,291,184
75,31,39,157,651,245,218
76,31,39,182,669,261,241
77,31,39,237,681,262,283
78,31,39,173,685,242,262
79,31,39,215,690,253,301
80,31,39,229,685,257,308
81,31,39,186,691,275,298
82,31,39,224,686,300,250
83,31,39,214,697,271,287
84,31,39,197,668,264,269
85,31,39,229,681,308,271
86,31,39,232,689,297,265
87,31,39,195,679,303,234
88,31,39,223,650,295,231
89,31,39,192,605,324,198
90,31,39,167,521,367,222
91,31,39,144,458,376,238
92,40,30,252,343,556,272
93,40,30,180,160,659,271
94,40,30,148,248,703,280
95,40,30,133,143,700,218
96,40,30,311,113,696,208
97,40,30,241,87,706,237
98,40,30,217,136,713,312
99,40,30,164,186,701,245
100,40,30,249,175,712,250
101,40,30,197,105,707,252
102,40,30,133,103,709,243
103,40,30,146,85,712,224
104,40,30,222,95,681,315
105,40,30,228,90,652,351
106,35,0,213,139,636,419
107,35,0,218,84,591,424
108,35,0,166,98,560,411
109,35,0,109,160,542,421
110,40,30,179,139,548,361
111,40,30,186,141,569,347
112,40,30,186,113,605,278
113,40,30,121,94,634,357
114,40,30,233,94,644,300
115,40,30,207,92,655,281
116,40,30,234,86,671,306
117,40,30,232,117,668,339
118,40,30,155,104,688,356
119,40,30,158,133,691,296
120,40,30,162,141,713,332
121,40,30,229,80,707,336
122,40,30,263,83,703,318
123,40,30,203,120,706,301
124,40,30,243,79,705,271
125,40,30,183,84,706,257
126,40,30,217,142,708,239
127,40,30,209,157,721,312
128,40,30,149,160,716,294
129,40,30,242,187,705,291
130,40,30,233,101,712,302
131,40,30,169,120,717,273
132,40,30,174,116,716,313
133,40,30,144,150,705,284
134,40,30,208,129,703,316
135,40,30,204,135,681,274
136,40,30,249,122,685,300
137,40,30,224,102,660,317
138,40,30,167,122,651,359
139,40,30,199,162,643,365
140,40,30,227,133,637,387
141,35,0,226,86,624,402
142,40,30,171,94,586,382
143,40,30,139,156,570,380
144,35,0,207,151,594,454
145,35,0,170,183,593,408
146,35,0,234,144,607,437
147,40,30,186,188,616,360
148,40,30,169,164,626,335
149,40,30,195,221,626,339
150,40,30,243,161,656,373
151,40,30,266,149,672,355
152,40,30,217,161,672,370
153,40,30,201,135,664,324
154,40,30,170,105,662,294
155,40,30,176,106,628,389
156,35,0,304,167,606,454
157,35,0,188,157,588,409
158,35,0,212,163,575,437
159,40,30,243,156,577,394
160,40,30,214,99,599,380
161,40,30,245,111,599,399
162,35,0,242,166,585,402
163,40,30,237,137,563,373
164,40,30,217,178,557,365
165,40,30,232,162,644,339
166,35,0,226,102,570,424
167,35,0,212,162,574,429
168,35,0,228,181,527,458
169,40,30,231,210,535,376
170,40,30,161,99,562,359
171,35,0,182,113,557,410
172,40,30,186,94,560,384
173,35,0,214,120,548,422
174,40,30,280,124,534,375
175,40,30,272,175,524,375
176,40,30,243,184,585,356
177,40,30,148,191,603,362
178,40,30,109,192,610,349
179,40,30,174,265,630,374
180,40,30,135,189,645,284
181,40,30,221,230,632,324
182,40,30,220,168,643,327
183,40,30,260,222,659,359
184,40,30,220,204,666,338
185,40,30,178,125,670,332
186,40,30,255,126,666,319
187,40,30,231,144,696,325
188,40,30,219,127,670,361
189,40,30,218,139,648,342
190,35,0,243,135,647,404
191,35,0,179,154,686,406
192,40,30,268,161,646,378
193,40,30,234,145,673,357
194,40,30,241,142,672,269
195,40,30,214,148,653,318
196,40,30,254,155,676,324
197,40,30,241,166,663,334
198,35,0,270,152,660,430
199,35,0,269,221,624,588
200,35,0,232,202,578,580
201,35,0,259,167,585,486
202,35,0,270,186,611,477
203,35,0,213,216,620,407
204,40,30,233,182,655,379
205,40,30,218,183,675,370
206,40,30,172,186,687,377
207,40,30,286,223,699,392
208,35,0,282,181,686,415
209,40,30,240,133,679,397
210,40,30,212,177,674,391
211,40,30,164,172,659,354
212,40,30,232,179,670,398
213,40,30,226,128,661,336
214,40,30,212,123,646,325
215,40,30,205,142,646,364
216,40,30,221,151,612,390
217,35,0,225,109,614,434
218,35,0,191,126,624,464
219,35,0,151,154,622,402
220,40,30,195,170,684,304
221,40,30,187,173,674,238
222,40,30,243,168,687,242
223,40,30,264,168,717,275
224,40,30,181,145,713,228
225,40,30,161,91,724,191
226,40,30,214,127,717,362
227,40,30,180,178,713,263
228,40,30,1023,1023,1023,1023
229,40,30,1023,1023,1023,1023
230,40,30,252,104,708,260
231,40,30,1022,108,706,261
232,40,30,185,123,684,267
233,40,30,258,108,708,314
234,40,30,158,94,672,264
235,40,30,1023,1023,1023,1023
236,40,30,144,269,546,247
237,40,30,1023,1023,1023,1023
238,31,39,186,589,312,248
239,31,39,1023,1023,1023,1023
240,31,39,1023,1023,1023,1023
241,31,39,1023,1023,1023,1023
242,31,39,260,655,250,281
243,0,35,510,649,282,247
244,0,35,634,567,245,229
245,0,35,652,395,188,204
246,0,35,638,229,206,201
247,0,35,627,280,240,194
248,0,35,630,350,269,178
249,0,35,639,387,231,204
250,0,35,647,414,210,209
251,0,35,661,450,278,201
252,0,35,661,474,218,161
253,0,35,666,474,250,182
254,0,35,650,503,210,214
255,0,35,550,535,237,169
256,0,35,513,581,240,202
257,0,35,415,630,285,221
258,31,39,313,646,283,256
259,31,39,285,667,248,267
260,31,39,255,671,245,242
261,31,39,218,687,283,206
262,31,39,183,687,276,161
263,31,39,153,675,263,264
264,31,39,121,681,277,255
265,31,39,204,674,259,271
266,31,39,171,669,249,259
267,31,39,244,684,290,319
268,31,39,234,666,296,268
269,31,39,266,668,282,327
270,31,39,332,664,341,287
271,31,39,374,636,335,270
272,31,39,365,630,257,282
273,0,35,416,601,288,284
274,0,35,427,549,241,303
275,0,35,419,531,251,322
276,0,35,1023,1023,1023,1023
277,31,39,282,674,269,277
278,31,39,186,684,265,253
279,31,39,204,710,240,206
280,31,39,151,676,257,216
281,31,39,189,678,158,198
282,31,39,224,675,245,286
283,31,39,255,685,278,272
284,31,39,261,689,236,267
285,31,39,187,691,259,285
286,31,39,148,655,256,254
287,31,39,154,649,254,258
288,31,39,194,663,244,232
289,31,39,234,662,225,166
290,31,39,147,655,220,152
291,31,39,192,646,242,199
292,31,39,214,610,262,221
293,31,39,201,569,288,241
294,31,39,182,479,336,277
295,31,39,134,415,358,246
296,40,30,177,345,439,169
297,40,30,143,196,413,124
298,40,30,198,170,573,178
299,40,30,186,140,634,227
300,40,30,215,88,679,201
301,40,30,226,115,688,240
302,40,30,258,113,717,162
303,40,30,164,110,720,176
304,40,30,196,109,699,177
305,40,30,186,107,700,287
306,40,30,183,124,723,258
307,40,30,126,147,722,228
308,40,30,163,138,713,254
309,40,30,241,161,700,303
310,40,30,248,146,713,234
311,40,30,155,141,722,267
312,40,30,208,94,728,241
313,40,30,235,93,720,236
314,40,30,195,117,732,237
315,40,30,222,121,727,231
316,40,30,226,149,715,274
317,40,30,250,168,722,210
318,40,30,245,196,730,269
319,40,30,196,146,714,232
320,40,30,303,128,723,271
321,40,30,218,103,718,294
322,40,30,203,166,724,294
323,40,30,199,159,723,297
324,40,30,235,153,741,285
325,40,30,230,153,739,245
326,40,30,202,161,748,252
327,40,30,280,190,735,268
328,40,30,279,179,731,273
329,40,30,194,199,714,242
330,40,30,163,194,717,274
331,40,30,218,143,712,278
332,40,30,216,116,725,289
333,40,30,151,141,731,297
334,40,30,164,173,731,245
335,40,30,222,128,720,218
336,40,30,242,172,711,262
337,40,30,212,108,694,228
338,40,30,261,104,713,216
339,40,30,249,142,699,222
340,40,30,157,125,689,218
341,40,30,203,101,671,212
342,40,30,101,132,678,221
343,40,30,98,124,645,193
344,40,30,103,103,633,190
345,40,30,139,99,632,172
346,40,30,183,99,628,204
347,40,30,193,134,619,251
348,40,30,142,88,624,251
349,40,30,126,158,623,218
350,40,30,187,155,627,260
351,40,30,124,153,652,225
352,40,30,91,135,659,218
353,40,30,127,99,660,266
354,40,30,155,114,652,236
355,40,30,172,89,653,206
356,40,30,166,87,656,283
357,35,0,124,89,694,508
358,35,0,126,95,679,705
359,35,0,124,92,681,721
360,35,0,158,86,719,717
361,35,0,169,94,755,711
362,35,0,161,189,777,723
363,35,0,190,318,735,736
364,35,0,193,279,607,736
365,35,0,188,172,530,730
366,35,0,183,134,518,726
367,35,0,200,131,501,733
368,35,0,234,164,482,734
369,35,0,250,150,452,731
370,35,0,240,187,396,745
371,35,0,221,173,361,756
372,35,0,237,169,344,743
373,35,0,288,187,338,739
374,35,0,321,198,356,748
375,35,0,311,213,368,746
376,35,0,321,219,277,748
377,35,0,263,254,312,756
378,35,0,213,221,310,746
379,35,0,230,191,278,739
380,35,0,288,180,296,763
381,35,0,351,200,305,762
382,35,0,303,215,307,761
383,35,0,288,196,335,767
384,35,0,313,214,348,763
385,35,0,318,214,351,759
386,35,0,335,224,355,749
387,35,0,334,200,389,758
388,35,0,255,236,357,769
389,35,0,289,229,388,770
390,35,0,274,222,378,767
391,35,0,292,211,398,768
392,35,0,343,208,409,778
393,35,0,354,272,441,776
394,35,0,346,259,500,764
395,35,0,247,228,537,695
396,35,0,292,235,567,648
397,35,0,346,253,590,570
398,35,0,339,258,614,532
399,35,0,287,221,639,495
400,35,0,242,232,658,435
401,35,0,1023,1023,1023,1023
402,40,30,324,220,727,280
403,40,30,320,199,736,297
404,40,30,1023,1023,1023,1023
405,40,30,1023,1023,1023,1023
406,40,30,330,271,774,262
407,40,30,348,220,769,310
408,40,30,340,203,755,329
409,40,30,375,201,754,324
410,40,30,325,162,734,321
411,40,30,318,147,715,358
412,40,30,326,181,669,340
413,40,30,305,162,647,284
414,40,30,245,250,561,249
415,40,30,241,336,439,274
416,40,30,260,399,416,325
417,40,30,1023,1023,1023,1023
418,31,39,224,513,342,249
419,31,39,1023,1023,1023,1023
420,31,39,1023,1023,1023,1023
421,31,39,193,590,289,290
422,31,39,219,613,334,305
423,31,39,256,608,324,286
424,31,39,1023,1023,1023,1023
425,31,39,272,535,350,214
426,31,39,217,479,315,267
427,31,39,240,457,364,270
428,40,30,190,400,404,236
429,40,30,245,281,469,241
430,40,30,257,234,553,267
431,40,30,203,184,625,252
432,40,30,232,139,683,235
433,40,30,192,218,728,270
434,40,30,168,241,718,328
435,40,30,278,217,738,342
436,40,30,260,146,712,307
437,40,30,122,143,700,304
438,40,30,180,130,721,272
439,40,30,254,175,729,266
440,40,30,237,138,719,250
441,40,30,263,114,703,288
442,40,30,207,99,724,341
443,40,30,223,110,730,387
444,40,30,229,104,696,301
445,35,0,213,192,587,432
446,35,0,192,171,534,446
447,35,0,223,126,476,534
448,35,0,180,99,423,546
449,35,0,253,106,370,602
450,35,0,174,157,317,655
451,35,0,159,160,335,651
452,35,0,157,104,283,644
453,35,0,164,106,339,571
454,35,0,1023,1023,1023,1023
455,35,0,1023,1023,1023,1023
456,35,0,1023,1023,1023,1023
457,35,0,135,115,568,407
458,35,0,1023,1023,1023,1023
459,35,0,1023,1023,1023,1023
460,40,30,208,85,684,284
461,40,30,1023,1023,1023,1023
462,40,30,1023,1023,1023,1023
463,40,30,1023,1023,1023,1023
464,40,30,1023,1023,1023,1023
465,40,30,1023,1023,1023,1023
466,40,30,1023,1023,1023,1023
467,40,30,228,139,744,252
468,40,30,1023,1023,1023,1023
469,40,30,167,165,728,256
470,40,30,1023,1023,1023,1023
471,40,30,1023,1023,1023,1023
472,40,30,1023,1023,1023,1023
473,40,30,1023,1023,1023,1023
474,40,30,253,169,727,300
475,40,30,287,145,723,261
476,40,30,265,189,726,322
477,40,30,181,182,721,306
478,40,30,192,146,724,332
479,40,30,235,186,736,268
480,40,30,208,149,713,310
481,40,30,205,111,707,329
482,40,30,230,140,704,351
483,40,30,219,173,683,313
484,40,30,226,156,665,355
485,35,0,309,163,604,486
486,35,0,156,145,516,456
487,35,0,202,225,455,496
488,35,0,190,199,457,519
489,35,0,202,165,501,435
490,35,0,288,200,567,409
491,40,30,228,150,585,351
492,40,30,230,168,612,313
493,40,30,227,181,636,316
494,40,30,262,211,675,287
495,40,30,255,165,685,324
496,40,30,283,142,687,308
497,40,30,257,136,675,399
498,40,30,189,123,680,298
499,40,30,221,157,670,325
500,40,30,283,175,670,360
501,40,30,295,155,673,384
502,40,30,249,178,703,338
503,40,30,217,192,701,353
504,40,30,257,213,706,214
505,40,30,311,209,737,294
506,40,30,234,143,726,288
507,40,30,223,200,751,297
508,40,30,271,207,742,288
509,40,30,258,197,752,209
510,40,30,241,233,761,271
511,40,30,196,202,732,264
512,40,30,302,313,693,298
513,35,35,237,786,568,231
514,31,39,175,710,365,237
515,0,35,412,715,327,252
516,0,35,743,707,316,311
517,0,35,696,696,320,268
518,0,35,674,600,267,256
519,0,35,678,439,288,220
520,0,35,675,250,268,331
521,0,35,655,218,290,255
522,0,35,632,212,242,242
523,0,35,604,137,212,229
524,0,35,580,133,279,190
525,0,35,598,141,285,186
526,0,35,618,159,306,236
527,0,35,633,174,293,209
528,0,35,669,193,339,209
529,0,35,673,232,294,264
530,0,35,687,185,295,313
531,0,35,711,195,315,235
532,0,35,715,179,302,210
533,0,35,720,199,319,247
534,0,35,735,271,278,262
535,0,35,729,284,181,252
536,0,35,736,363,241,215
537,0,35,731,413,280,244
538,0,35,735,515,306,317
539,0,35,727,556,201,225
540,0,35,735,619,254,233
541,0,35,733,652,233,232
542,0,35,653,686,319,250
543,0,35,476,739,285,242
544,0,35,451,746,339,201
545,31,39,356,751,288,200
546,31,39,318,756,294,247
547,31,39,303,753,351,277
548,31,39,356,742,312,269
549,31,39,353,752,341,317
550,31,39,336,735,374,216
551,31,39,288,723,354,250
552,31,39,268,659,319,304
553,31,39,283,553,334,321
554,35,35,275,449,502,298
555,40,30,306,306,587,319
556,40,30,301,226,692,225
557,40,30,321,166,735,215
558,40,30,294,172,744,284
559,40,30,280,199,738,310
560,40,30,268,192,743,297
561,40,30,254,166,743,265
562,40,30,270,196,752,273
563,40,30,259,166,736,243
564,40,30,239,157,740,235
565,40,30,279,175,739,244
566,40,30,245,197,731,191
567,40,30,217,180,715,250
568,40,30,203,140,689,290
569,40,30,224,137,661,341
570,40,30,218,96,644,366
571,40,30,175,128,592,399
572,35,0,144,126,532,439
573,35,0,204,136,497,449
574,35,0,234,88,458,428
575,35,0,155,130,486,436
576,35,0,151,85,498,406
577,40,30,131,82,522,367
578,40,30,92,82,552,291
579,40,30,152,111,597,342
580,40,30,228,174,653,323
581,40,30,238,187,708,314
582,40,30,205,146,718,293
583,40,30,221,146,738,235
584,40,30,227,195,750,243
585,40,30,246,158,728,179
586,40,30,214,162,739,192
587,40,30,200,141,724,216
588,40,30,221,205,732,284
589,40,30,292,206,732,252
590,40,30,288,171,742,252
591,40,30,223,170,737,192
592,40,30,281,187,741,246
593,40,30,254,164,748,256
594,40,30,311,144,737,275
595,40,30,362,161,747,276
596,40,30,317,157,745,255
597,40,30,324,222,723,325
598,40,30,365,245,742,329
599,40,30,346,202,728,305
600,40,30,339,223,766,233
601,40,30,375,297,762,275
602,40,30,312,303,755,303
603,40,30,347,278,751,267
604,40,30,331,287,760,303
605,40,30,299,275,767,333
606,40,30,290,202,752,307
607,40,30,298,187,753,273
608,40,30,241,191,765,293
609,40,30,250,221,767,313
610,40,30,274,212,721,342
611,40,30,221,218,730,311
612,40,30,307,166,761,244
613,40,30,248,239,734,255
614,40,30,348,270,713,310
615,40,30,344,257,691,316
616,40,30,343,282,685,303
617,40,30,271,288,633,261
618,40,30,251,309,540,282
619,40,30,272,374,555,284
620,35,35,316,444,473,234
621,35,35,297,503,454,293
622,35,35,346,570,424,297
623,35,35,257,621,402,314
624,31,39,334,619,374,320
625,31,39,355,617,334,290
626,31,39,315,643,336,211
627,31,39,268,654,287,178
628,31,39,248,648,285,249
629,31,39,284,665,284,274
630,31,39,284,651,264,249
631,31,39,254,660,331,278
632,31,39,223,668,299,226
633,31,39,282,658,277,261
634,31,39,286,676,263,225
635,31,39,309,681,288,226
636,31,39,232,670,225,272
637,31,39,311,685,210,221
638,31,39,284,690,286,275
639,31,39,257,690,186,219
640,31,39,222,684,231,232
641,31,39,151,675,235,254
642,31,39,244,701,225,307
643,31,39,270,687,236,259
644,31,39,237,687,354,247
645,31,39,195,685,273,282
646,35,35,187,694,428,276
647,31,39,212,645,326,328
648,31,39,199,671,294,261
649,31,39,199,680,244,214
650,31,39,240,687,323,255
651,31,39,328,683,252,184
652,31,39,296,692,305,223
653,31,39,239,687,279,215
654,31,39,139,669,257,245
655,31,39,211,672,322,243
656,31,39,209,684,259,269
657,31,39,193,679,318,288
658,31,39,215,693,290,184
659,31,39,164,677,263,180
660,31,39,188,684,192,259
661,31,39,245,676,252,281
662,31,39,251,686,261,249
663,0,35,440,680,210,261
664,0,35,505,647,240,226
665,0,35,652,583,277,246
666,0,35,663,559,201,226
667,0,35,650,558,241,226
668,0,35,609,611,228,187
669,0,35,534,638,257,182
670,0,35,490,648,231,214
671,0,35,468,667,294,188
672,0,35,464,665,317,196
673,0,35,452,669,351,210
674,31,39,388,731,291,194
675,31,39,333,678,250,166
676,31,39,350,690,239,215
677,0,35,415,685,321,212
678,0,35,446,679,306,231
679,0,35,450,665,258,155
680,0,35,437,668,266,173
681,0,35,429,690,227,167
682,31,39,374,687,278,267
683,31,39,339,703,241,305
684,31,39,367,705,258,242
685,31,39,339,707,299,247
686,31,39,315,705,245,202
687,0,35,448,667,235,201
688,0,35,506,641,262,164
689,0,35,582,594,275,205
690,0,35,627,580,264,229
691,0,35,557,593,250,269
692,0,35,435,667,286,247
693,31,39,342,700,342,278
694,31,39,348,709,346,314
695,31,39,298,705,297,293
696,31,39,295,739,337,258
697,31,39,318,716,282,310
698,0,35,401,703,321,309
699,0,35,460,656,305,324
700,0,35,499,602,305,243
701,0,35,504,537,288,255
702,0,35,518,583,322,271
703,0,35,419,650,320,248
704,31,39,383,665,334,206
705,31,39,386,711,287,247
706,31,39,348,698,337,296
707,31,39,354,693,345,327
708,0,35,445,678,319,288
709,0,35,499,605,310,223
710,0,35,468,564,246,293
711,31,39,388,575,267,254
712,31,39,372,610,303,273
713,31,39,360,636,348,288
714,31,39,342,641,372,244
715,31,39,320,625,307,221
716,0,35,410,594,256,266
717,0,35,488,518,238,292
718,0,35,619,349,256,199
719,0,35,656,295,258,210
720,0,35,629,408,234,181
721,0,35,489,530,228,197
722,31,39,386,610,208,229
723,31,39,324,662,261,233
724,31,39,338,683,267,265
725,31,39,331,689,293,266
726,31,39,318,685,274,240
727,31,39,342,678,307,257
728,31,39,398,651,313,273
729,0,35,466,581,283,236
730,0,35,525,517,294,275
731,0,35,601,467,323,233
732,0,35,605,467,324,234
733,0,35,570,532,325,198
734,0,35,525,556,315,230
735,0,35,470,586,319,193
736,0,35,441,615,340,243
737,31,39,359,651,314,275
738,31,39,314,673,295,322
739,31,39,280,692,257,290
740,31,39,242,707,291,288
741,31,39,265,682,285,258
742,31,39,241,683,284,319
743,31,39,227,707,302,288
744,31,39,272,700,315,269
745,31,39,267,698,311,246
746,31,39,292,669,289,293
747,31,39,317,659,325,281
748,31,39,362,602,298,294
749,0,35,417,560,347,231
750,0,35,508,497,293,267
751,0,35,522,461,241,277
752,0,35,430,519,252,270
753,31,39,338,587,259,265
754,31,39,250,679,289,244
755,31,39,199,721,349,230
756,31,39,205,744,287,272
757,35,35,193,755,426,391
758,35,0,225,705,651,679
759,35,0,270,776,714,751
760,35,0,255,776,702,758
761,35,0,257,777,698,760
762,35,0,194,776,687,721
763,35,0,162,683,627,669
764,35,0,139,483,541,589
765,35,0,181,318,476,561
766,35,0,238,172,432,571
767,35,0,253,143,376,602
768,35,0,300,158,402,615
769,35,0,311,124,390,655
770,35,0,307,152,392,645
771,35,0,313,203,299,664
772,35,0,290,146,254,660
773,35,0,308,167,234,655
774,35,0,344,181,291,664
775,35,0,303,134,269,663
776,35,0,249,191,280,678
777,35,0,244,171,336,685
778,35,0,249,165,293,670
779,35,0,221,141,326,681
780,35,0,260,134,271,700
781,35,0,271,167,309,710
782,35,0,267,184,339,717
783,35,0,309,249,344,730
784,35,0,317,248,336,736
785,35,0,347,220,343,744
786,35,0,272,236,309,748
787,35,0,281,204,338,757
788,35,0,300,195,318,743
789,35,0,281,173,334,735
790,35,0,259,172,326,755
791,35,0,245,166,422,744
792,35,0,259,169,383,747
793,35,0,287,207,319,733
794,35,0,326,187,449,732
795,35,0,276,186,511,639
796,35,0,282,155,546,552
797,35,0,260,187,589,455
798,40,30,237,257,640,376
799,40,30,226,206,683,336
800,40,30,214,216,700,251
801,40,30,259,234,706,269
802,40,30,239,197,717,260
803,40,30,242,204,727,258
804,40,30,239,177,724,240
805,40,30,202,163,717,287
806,40,30,206,218,673,250
807,40,30,202,263,527,283
808,35,35,192,447,405,347
809,31,39,186,558,240,299
810,31,39,209,660,221,302
811,31,39,186,676,262,252
812,31,39,225,669,278,268
813,31,39,256,675,280,251
814,31,39,290,684,295,228
815,31,39,257,673,269,245
816,31,39,334,599,251,252
817,0,35,443,482,234,220
818,0,35,637,277,250,195
819,0,35,668,203,262,235
820,0,35,680,110,223,232
821,0,35,685,137,249,233
822,0,35,687,182,190,208
823,0,35,689,213,221,233
824,0,35,668,201,223,225
825,0,35,659,226,223,190
826,0,35,603,248,220,181
827,0,35,544,270,211,210
828,0,35,451,265,230,183
829,0,35,384,269,224,188
830,0,35,313,332,230,104
831,31,39,298,445,190,125
832,31,39,244,495,106,160
833,31,39,190,527,169,178
834,31,39,100,554,146,159
835,31,39,93,563,192,200
836,31,39,93,584,206,200
837,31,39,118,575,209,253
838,31,39,104,604,201,176
839,31,39,95,606,217,236
840,31,39,193,620,202,222
841,31,39,160,614,201,234
842,31,39,159,630,202,201
843,31,39,184,633,240,225
844,31,39,182,629,237,200
845,31,39,166,655,180,239
846,31,39,123,646,172,236
847,31,39,231,668,263,219
848,31,39,273,660,208,237
849,31,39,212,664,196,217
850,31,39,201,655,262,201
851,31,39,185,712,280,259
852,31,39,136,662,258,265
853,31,39,157,681,323,275
854,31,39,204,667,329,269
855,31,39,185,667,226,274
856,31,39,192,675,311,265
857,31,39,207,693,305,200
858,31,39,171,711,298,231
859,31,39,152,682,312,101
860,31,39,145,693,301,225
861,31,39,197,678,262,235
862,31,39,229,659,236,294
863,31,39,243,597,269,307
864,31,39,181,553,302,298
865,31,39,247,485,380,239
866,35,35,264,405,461,220
867,40,30,230,258,591,316
868,40,30,205,134,661,263
869,40,30,288,163,692,163
870,40,30,254,183,705,222
871,40,30,202,177,748,291
872,40,30,285,195,732,288
873,40,30,306,210,748,303
874,40,30,225,183,740,310
875,40,30,226,155,739,281
876,40,30,249,196,767,239
877,40,30,298,223,725,294
878,40,30,292,122,715,303
879,40,30,294,203,711,282
880,40,30,245,221,718,258
881,40,30,240,256,711,307
882,40,30,260,188,700,296
883,40,30,224,209,666,276
884,40,30,263,301,629,242
885,40,30,263,340,513,264
886,35,35,306,458,406,319
887,31,39,279,548,386,233
888,31,39,267,585,370,286
889,31,39,262,635,349,313
890,31,39,261,667,334,258
891,31,39,222,654,347,278
892,31,39,247,689,342,298
893,31,39,184,696,303,293
894,31,39,216,689,344,313
895,31,39,203,679,288,288
896,31,39,199,695,287,251
897,31,39,172,811,248,218
898,31,39,183,671,247,273
899,31,39,148,663,246,268
900,31,39,202,673,361,242
901,31,39,222,667,292,256
902,31,39,234,656,283,283
903,31,39,318,679,263,223
904,31,39,270,660,324,210
905,31,39,184,629,265,173
906,31,39,225,641,251,259
907,31,39,323,581,291,252
908,0,35,465,539,288,268
909,0,35,619,434,232,254
910,0,35,660,350,203,242
911,0,35,657,257,242,228
912,0,35,632,316,168,187
913,0,35,610,431,153,198
914,0,35,530,502,210,217
915,0,35,454,541,257,202
916,0,35,426,565,308,161
917,31,39,361,601,221,177
918,31,39,322,659,216,168
919,31,39,276,660,236,178
920,31,39,311,667,221,324
921,31,39,335,666,207,256
922,31,39,364,633,261,257
923,0,35,419,607,304,231
924,0,35,442,600,210,196
925,0,35,454,584,262,229
926,0,35,412,594,181,250
927,31,39,365,654,232,238
928,31,39,257,672,231,264
929,31,39,218,703,258,296
930,31,39,225,696,297,269
931,31,39,262,692,284,270
932,31,39,282,694,313,277
933,31,39,275,706,302,269
934,31,39,252,712,240,279
935,31,39,271,717,278,297
936,31,39,283,707,298,267
937,31,39,257,700,344,263
938,31,39,333,710,285,314
939,31,39,341,714,311,289
940,31,39,306,727,331,306
941,31,39,303,719,323,312
942,31,39,274,724,325,329
943,31,39,235,704,322,250
944,31,39,300,733,367,300
945,31,39,281,720,374,310
946,31,39,286,726,374,297
947,31,39,355,736,377,334
948,31,39,371,741,357,314
949,31,39,368,752,371,337
950,31,39,298,719,322,279
951,31,39,312,731,364,336
952,31,39,291,721,344,283
953,31,39,263,715,344,257
954,31,39,210,725,317,357
955,31,39,250,735,329,328
956,31,39,258,702,350,262
957,31,39,303,709,305,203
958,31,39,244,718,302,262
959,31,39,257,692,327,252
960,31,39,282,693,334,266
961,31,39,258,674,307,252
962,31,39,266,683,252,291
963,31,39,236,673,310,232
964,31,39,206,688,299,222
965,31,39,229,653,340,184
966,31,39,240,624,257,222
967,31,39,227,609,271,253
968,31,39,206,588,247,211
969,31,39,238,591,309,275
970,31,39,170,565,321,232
971,31,39,129,530,270,226
972,31,39,190,502,322,213
973,31,39,212,492,289,237
974,31,39,135,474,355,265
975,35,35,211,508,455,252
976,35,35,233,521,662,249
977,40,30,251,389,720,230
978,40,30,279,195,732,243
979,40,30,200,197,719,214
980,40,30,225,158,716,342
981,35,0,227,143,722,442
982,35,0,166,171,671,605
983,35,0,260,103,551,741
984,35,0,215,97,509,740
985,35,0,202,90,507,747
986,35,0,215,123,520,800
987,35,0,212,170,532,790
988,35,0,217,113,544,744
989,35,0,210,142,582,645
990,35,0,209,167,633,559
991,35,0,200,204,691,551
992,35,0,243,178,738,469
993,35,0,268,126,745,415
994,40,30,310,138,740,385
995,40,30,316,134,759,371
996,40,30,310,158,837,382
997,40,30,295,223,849,363
998,40,30,319,216,855,310
999,40,30,312,242,859,324
1000,40,30,329,128,848,324
1001,40,30,378,169,809,320
1002,40,30,301,190,751,341
1003,40,30,320,226,741,325
1004,40,30,315,255,735,286
1005,40,30,303,377,674,331
1006,35,35,258,514,556,299
1007,35,35,366,536,505,325
1008,35,35,287,592,445,300
1009,31,39,288,664,393,306
1010,31,39,340,716,354,250
1011,31,39,262,721,329,289
1012,31,39,224,731,331,302
1013,31,39,224,724,340,317
1014,31,39,269,726,316,304
1015,31,39,267,728,298,311
1016,31,39,248,718,279,273
1017,31,39,213,732,279,265
1018,31,39,174,724,310,263
1019,31,39,171,736,267,285
1020,31,39,216,719,257,302
1021,31,39,221,722,282,231
1022,31,39,262,715,275,271
1023,31,39,264,714,290,288
1024,31,39,229,694,298,317
1025,31,39,223,694,282,307
1026,31,39,345,785,282,331
1027,31,39,377,774,306,287
1028,0,35,487,530,318,289
1029,0,35,583,386,256,268
1030,0,35,617,392,252,317
1031,0,35,614,359,240,358
1032,0,35,519,419,246,321
1033,31,39,363,608,271,248
1034,31,39,330,656,268,235
1035,31,39,300,663,240,253
1036,31,39,260,665,252,271
1037,31,39,259,655,224,277
1038,31,39,197,655,243,280
1039,31,39,164,709,271,238
1040,31,39,179,684,218,184
1041,31,39,194,686,215,218
1042,31,39,192,683,235,260
1043,31,39,107,686,231,238
1044,31,39,173,685,190,244
1045,31,39,154,685,245,283
1046,31,39,143,682,283,174
1047,31,39,157,703,275,208
1048,31,39,186,677,332,171
1049,31,39,226,681,278,203
1050,31,39,157,649,256,235
1051,31,39,166,603,338,238
1052,31,39,229,548,391,272
1053,31,39,122,502,357,264
1054,35,35,234,413,452,252
1055,40,30,188,275,627,283
1056,40,30,188,154,694,254
1057,40,30,185,116,712,207
1058,40,30,151,115,721,259
1059,40,30,177,98,769,266
1060,40,30,226,126,806,336
1061,40,30,252,149,712,282
1062,40,30,228,137,733,282
1063,40,30,288,100,724,303
1064,40,30,209,151,730,279
1065,40,30,248,164,730,283
1066,40,30,288,150,721,326
1067,40,30,211,162,701,274
1068,40,30,168,127,678,286
1069,40,30,272,180,649,293
1070,40,30,224,229,608,326
1071,40,30,259,183,592,378
1072,35,0,331,142,585,417
1073,35,0,236,239,570,495
1074,35,0,236,235,538,478
1075,35,0,261,167,559,450
1076,35,0,159,150,580,404
1077,40,30,209,202,632,366
1078,40,30,237,184,688,299
1079,40,30,256,156,724,317
1080,40,30,282,167,748,324
1081,40,30,240,223,738,272
1082,40,30,295,213,740,241
1083,40,30,266,223,740,289
1084,40,30,319,217,743,326
1085,40,30,263,192,737,266
1086,40,30,211,216,707,308
1087,40,30,268,235,612,320
1088,40,30,253,328,400,322
1089,31,39,282,510,378,331
1090,31,39,328,605,306,292
1091,31,39,208,705,273,237
1092,31,39,163,714,329,285
1093,31,39,193,706,356,308
1094,31,39,212,696,310,328
1095,31,39,220,691,266,321
1096,31,39,210,690,313,314
1097,31,39,197,691,288,298
1098,31,39,258,659,315,315
1099,31,39,249,626,350,273
1100,31,39,361,582,307,249
1101,0,35,487,440,327,258
1102,0,35,577,351,260,242
1103,0,35,614,214,311,240
1104,0,35,560,219,279,221
1105,0,35,483,398,259,228
1106,0,35,448,557,256,245
1107,31,39,324,644,194,209
1108,31,39,260,691,389,246
1109,31,39,250,702,302,290
1110,31,39,267,699,347,254
1111,31,39,133,687,298,303
1112,31,39,180,698,259,272
1113,31,39,209,705,334,284
1114,31,39,229,704,278,255
1115,31,39,235,699,268,264
1116,31,39,225,693,270,256
1117,31,39,193,621,270,234
1118,31,39,195,498,322,279
1119,40,30,242,364,418,310
1120,40,30,221,165,619,294
1121,40,30,164,162,688,279
1122,40,30,209,110,707,255
1123,40,30,256,169,713,287
1124,40,30,213,111,706,296
1125,40,30,239,101,700,216
1126,40,30,161,102,712,332
1127,35,0,234,149,669,402
1128,35,0,241,112,594,498
1129,35,0,211,118,508,634
1130,35,0,104,129,507,715
1131,35,0,105,112,510,718
1132,35,0,118,136,498,714
1133,35,0,145,146,504,662
1134,35,0,171,188,534,575
1135,35,0,233,208,577,512
1136,35,0,227,199,633,465
1137,35,0,242,214,676,418
1138,40,30,285,220,709,399
1139,40,30,298,197,728,384
1140,40,30,288,258,735,325
1141,40,30,283,184,729,295
1142,40,30,319,184,733,291
1143,40,30,246,174,726,300
1144,40,30,259,180,742,307
1145,40,30,278,194,738,269
1146,40,30,253,214,741,288
1147,40,30,239,220,734,282
1148,40,30,256,207,730,264
1149,40,30,294,203,734,272
1150,40,30,338,184,731,223
1151,40,30,280,148,724,275
1152,40,30,258,170,715,241
1153,40,30,230,275,719,293
1154,40,30,227,310,662,287
1155,40,30,237,337,623,186
1156,40,30,262,340,556,285
1157,40,30,339,393,504,271
1158,35,35,297,444,436,310
1159,35,35,354,487,476,302
1160,35,35,225,509,426,214
1161,35,35,264,515,411,296
1162,35,35,317,514,409,270
1163,35,35,239,492,444,285
1164,35,35,205,460,503,259
1165,35,35,202,412,512,218
1166,40,30,262,353,629,189
1167,40,30,257,232,718,195
1168,40,30,288,95,725,240
1169,40,30,231,124,712,253
1170,40,30,103,103,708,326
1171,35,0,172,90,687,418
1172,35,0,188,126,676,538
1173,35,0,110,136,671,707
1174,35,0,141,166,673,723
1175,35,0,183,139,651,720
1176,35,0,197,142,643,717
1177,35,0,237,101,662,734
1178,35,0,260,129,677,734
1179,35,0,261,148,670,737
1180,35,0,185,182,665,732
1181,35,0,185,164,661,728
1182,35,0,203,180,670,730
1183,35,0,239,184,670,730
1184,35,0,236,135,662,713
1185,35,0,297,167,653,686
1186,35,0,273,200,653,661
1187,35,0,290,189,658,598
1188,35,0,258,183,675,611
1189,35,0,291,205,678,566
1190,35,0,312,199,691,563
1191,35,0,336,233,713,483
1192,35,0,325,243,728,500
1193,35,0,318,250,712,464
1194,35,0,355,255,716,445
1195,35,0,323,278,726,439
1196,40,30,324,247,725,357
1197,40,30,317,241,732,373
1198,40,30,345,240,735,356
1199,40,30,364,259,733,368
1200,40,30,342,239,736,321
1201,40,30,309,191,722,336
1202,40,30,293,181,740,376
1203,40,30,283,174,728,313
1204,40,30,212,184,717,287
1205,40,30,232,182,728,265
1206,40,30,285,187,719,250
1207,40,30,257,211,709,270
1208,40,30,206,200,717,265
1209,40,30,208,232,712,337
1210,40,30,241,199,705,237
1211,40,30,273,191,716,253
1212,40,30,298,183,714,206
1213,40,30,261,200,724,252
1214,40,30,199,174,711,259
1215,40,30,234,166,695,254
1216,40,30,164,147,679,289
1217,40,30,254,138,686,298
1218,40,30,223,98,661,262
1219,40,30,294,114,657,305
1220,40,30,168,100,648,297
1221,40,30,144,106,632,327
1222,40,30,148,93,631,322
1223,40,30,184,107,630,332
1224,40,30,189,119,597,352
1225,40,30,199,92,603,350
1226,40,30,146,94,655,322
1227,40,30,210,126,643,303
1228,40,30,200,96,606,293
1229,40,30,212,91,594,342
1230,40,30,242,96,658,335
1231,40,30,264,125,689,270
1232,40,30,285,112,695,245
1233,40,30,279,169,691,311
1234,40,30,230,159,678,268
1235,40,30,288,164,701,289
1236,40,30,298,211,700,323
1237,40,30,223,195,690,345
1238,40,30,221,227,706,307
1239,40,30,214,155,753,245
1240,40,30,199,183,736,296
1241,40,30,230,142,727,304
1242,40,30,247,152,730,261
1243,40,30,238,174,714,266
1244,40,30,186,156,716,253
1245,40,30,223,212,729,292
1246,40,30,186,119,729,315
1247,40,30,214,177,729,279
1248,40,30,221,179,713,235
1249,40,30,190,169,726,220
1250,40,30,214,140,724,242
1251,40,30,318,211,739,294
1252,40,30,192,195,711,365
1253,40,30,216,98,708,283
1254,40,30,228,123,695,261
1255,40,30,276,199,670,248
1256,40,30,237,189,624,267
1257,40,30,170,266,552,232
1258,35,35,220,481,442,248
1259,31,39,153,597,382,266
1260,31,39,241,659,304,285
1261,31,39,222,689,316,277
1262,31,39,219,713,327,338
1263,31,39,230,685,320,276
1264,31,39,274,703,354,314
1265,0,35,430,682,276,295
1266,0,35,611,660,342,305
1267,0,35,669,547,258,240
1268,0,35,697,514,286,276
1269,0,35,666,523,247,244
1270,0,35,665,588,275,253
1271,0,35,594,605,271,244
1272,0,35,504,629,271,268
1273,0,35,452,653,294,246
1274,31,39,388,672,296,267
1275,31,39,291,678,295,229
1276,31,39,268,688,350,235
1277,31,39,269,681,281,311
1278,31,39,289,697,307,262
1279,31,39,276,687,309,308
1280,31,39,272,693,303,268
1281,31,39,300,674,264,256
1282,31,39,278,673,242,255
1283,31,39,286,654,277,208
1284,31,39,313,660,274,265
1285,31,39,348,651,302,274
1286,31,39,319,640,270,229
1287,31,39,350,631,285,246
1288,31,39,349,631,250,225
1289,0,35,448,641,330,173
1290,31,39,287,661,270,214
1291,31,39,208,663,212,247
1292,31,39,189,701,268,262
1293,31,39,146,687,210,233
1294,31,39,158,664,246,295
1295,31,39,117,682,278,244
1296,31,39,151,667,250,218
1297,31,39,174,669,361,209
1298,31,39,283,669,305,280
1299,31,39,183,658,291,280
1300,31,39,173,673,279,294
1301,31,39,196,668,238,183
1302,31,39,234,675,266,171
1303,31,39,202,652,254,231
1304,31,39,216,656,227,213
1305,31,39,158,684,261,230
1306,31,39,174,665,253,148
1307,31,39,138,650,240,193
1308,31,39,244,629,278,241
1309,31,39,170,544,260,185
1310,31,39,189,469,366,264
1311,40,30,208,384,440,254
1312,40,30,168,218,489,259
1313,40,30,192,203,621,213
1314,40,30,268,140,666,237
1315,40,30,282,114,715,250
1316,40,30,240,149,683,254
1317,40,30,253,136,694,233
1318,40,30,238,143,715,244
1319,40,30,309,199,784,213
1320,40,30,235,163,723,263
1321,40,30,272,149,737,260
1322,40,30,333,195,731,266
1323,40,30,289,191,728,279
1324,40,30,312,202,729,288
1325,40,30,284,173,714,304
1326,40,30,252,243,700,337
1327,40,30,235,206,663,390
1328,35,0,267,177,627,407
1329,35,0,273,138,587,425
1330,35,0,251,141,589,476
1331,35,0,200,119,589,438
1332,35,0,149,128,578,412
1333,40,30,181,136,616,397
1334,40,30,258,165,651,336
1335,40,30,323,217,676,386
1336,40,30,255,264,707,361
1337,40,30,220,234,721,307
1338,40,30,293,247,728,318
1339,40,30,300,197,723,292
1340,40,30,299,227,732,295
1341,40,30,218,255,735,275
1342,40,30,262,201,726,272
1343,40,30,287,209,734,295
1344,40,30,272,248,714,235
1345,40,30,298,213,723,221
1346,40,30,274,197,716,255
1347,40,30,172,194,726,304
1348,40,30,257,235,720,314
1349,40,30,273,203,719,309
1350,40,30,286,130,716,253
1351,40,30,223,119,695,223
1352,40,30,143,144,707,240
1353,40,30,155,145,702,251
1354,40,30,169,125,696,256
1355,40,30,179,139,692,259
1356,40,30,162,105,701,283
1357,40,30,136,98,692,242
1358,40,30,183,130,686,223
1359,40,30,173,93,683,237
1360,40,30,202,122,703,226
1361,40,30,202,88,689,206
1362,40,30,180,98,692,186
1363,40,30,187,146,689,217
1364,40,30,178,149,690,226
1365,40,30,191,148,686,236
1366,40,30,137,115,684,230
1367,40,30,127,164,679,225
1368,40,30,182,113,682,237
1369,40,30,173,156,684,306
1370,40,30,152,95,674,232
1371,40,30,207,148,698,225
1372,40,30,189,98,678,163
1373,40,30,163,145,677,172
1374,40,30,191,101,694,185
1375,40,30,268,131,698,232
1376,40,30,259,121,678,237
1377,40,30,210,170,694,216
1378,40,30,149,95,697,153
1379,40,30,271,99,694,177
1380,40,30,173,90,689,194
1381,40,30,157,128,709,228
1382,40,30,248,106,699,177
1383,40,30,253,134,713,141
1384,40,30,216,122,714,128
1385,40,30,200,158,710,190
1386,40,30,224,175,697,239
1387,40,30,274,161,706,300
1388,40,30,190,186,697,292
1389,40,30,167,282,660,219
1390,35,35,212,505,580,238
1391,31,39,252,601,399,232
1392,31,39,285,692,312,219
1393,31,39,251,713,375,246
1394,31,39,248,695,293,268
1395,31,39,291,701,308,292
1396,0,35,455,707,318,238
1397,0,35,623,668,354,238
1398,0,35,697,588,342,330
1399,0,35,680,527,283,287
1400,0,35,687,508,310,271
1401,0,35,692,547,277,266
1402,0,35,702,610,334,286
1403,0,35,680,662,277,260
1404,0,35,583,686,298,252
1405,0,35,571,712,235,200
1406,0,35,490,701,340,240
1407,0,35,490,716,268,296
1408,0,35,488,706,336,295
1409,0,35,467,697,322,297
1410,0,35,468,707,288,301
1411,0,35,451,704,300,272
1412,0,35,419,708,298,275
1413,31,39,398,695,282,256
1414,31,39,357,708,308,270
1415,31,39,273,697,288,249
1416,31,39,200,701,248,238
1417,31,39,209,695,248,226
1418,31,39,241,714,311,239
1419,31,39,225,702,314,224
1420,31,39,240,704,286,252
1421,31,39,188,716,267,269
1422,31,39,216,717,316,276
1423,31,39,250,713,317,267
1424,31,39,270,707,249,248
1425,31,39,275,708,301,304
1426,31,39,270,702,326,260
1427,31,39,280,696,333,249
1428,31,39,246,639,374,234
1429,31,39,211,624,374,240
1430,35,35,250,594,438,262
1431,35,35,257,538,480,280
1432,40,30,316,399,579,221
1433,40,30,275,267,636,210
1434,40,30,304,188,715,233
1435,40,30,249,161,720,307
1436,40,30,179,199,718,275
1437,40,30,191,185,723,254
1438,40,30,269,191,719,301
1439,40,30,273,216,717,275
1440,40,30,251,278,698,288
1441,40,30,212,214,667,267
1442,40,30,266,308,650,272
1443,35,35,207,520,542,260
1444,35,35,286,638,424,317
1445,31,39,228,677,319,287
1446,31,39,225,687,295,282
1447,31,39,202,691,284,260
1448,31,39,250,693,271,285
1449,31,39,269,686,201,260
1450,0,35,478,687,277,325
1451,0,35,582,634,241,313
1452,0,35,695,519,258,314
1453,0,35,678,448,214,268
1454,0,35,678,460,250,281
1455,0,35,676,516,279,243
1456,0,35,681,525,235,238
1457,0,35,683,544,310,243
1458,0,35,669,577,310,189
1459,0,35,621,602,304,198
1460,0,35,616,622,311,227
1461,0,35,519,651,317,235
1462,0,35,482,655,321,229
1463,0,35,1023,1023,1023,1023
1464,0,35,458,677,245,261
1465,0,35,403,684,247,248
1466,31,39,380,691,288,236
1467,31,39,349,686,233,252
1468,31,39,355,696,236,255
1469,31,39,1023,1023,1023,1023
1470,0,35,431,692,317,231
1471,0,35,514,672,295,200
1472,0,35,1023,1023,1023,1023
1473,0,35,568,656,240,241
1474,0,35,539,640,255,174
1475,0,35,516,652,269,200
1476,0,35,505,662,257,238
1477,0,35,488,684,223,215
1478,0,35,474,670,206,202
1479,0,35,486,667,249,177
1480,0,35,474,672,286,175
1481,0,35,427,685,275,188
1482,0,35,423,693,296,237
1483,0,35,432,684,287,224
1484,0,35,452,687,321,245
1485,0,35,449,696,322,242
1486,0,35,456,691,317,281
1487,31,39,354,697,304,289
1488,31,39,337,690,291,245
1489,31,39,300,707,273,274
1490,31,39,274,695,260,255
1491,31,39,339,708,232,223
1492,31,39,386,699,253,285
1493,0,35,497,681,290,262
1494,0,35,563,649,272,227
1495,0,35,569,594,242,254
1496,0,35,572,572,251,322
1497,0,35,517,615,266,287
1498,0,35,459,627,276,290
1499,0,35,427,667,312,314
1500,31,39,359,684,350,297
1501,31,39,291,701,313,304
1502,31,39,279,706,357,329
1503,31,39,314,721,258,405
1504,31,39,291,714,336,446
1505,31,39,315,707,234,366
1506,31,39,303,695,264,343
1507,31,39,361,661,309,330
1508,0,35,454,600,276,330
1509,0,35,515,522,231,297
1510,0,35,579,430,258,291
1511,0,35,514,474,290,288
1512,0,35,414,542,284,343
1513,31,39,312,633,318,272
1514,31,39,240,685,271,297
1515,31,39,251,700,224,329
1516,31,39,179,701,313,254
1517,31,39,247,699,308,250
1518,31,39,218,708,334,320
1519,31,39,251,707,238,293
1520,31,39,247,695,272,295
1521,31,39,267,685,273,245
1522,31,39,262,689,303,266
1523,31,39,314,682,308,257
1524,31,39,161,683,286,251
1525,31,39,143,673,216,250
1526,31,39,209,671,226,251
1527,31,39,190,637,227,259
1528,31,39,195,584,309,265
1529,31,39,206,483,341,288
1530,40,30,185,388,422,250
1531,40,30,213,250,599,307
1532,40,30,219,185,691,270
1533,40,30,227,117,696,243
1534,40,30,183,126,689,245
1535,40,30,197,130,693,317
1536,40,30,129,167,682,324
1537,40,30,172,131,699,316
1538,40,30,227,107,690,252
1539,40,30,194,120,675,179
1540,40,30,145,135,661,359
1541,40,30,192,199,657,400
1542,35,0,251,133,600,413
1543,35,0,295,136,531,502
1544,35,0,228,124,500,630
1545,35,0,228,137,483,632
1546,35,0,203,129,477,600
1547,35,0,214,159,511,504
1548,35,0,190,167,572,600
1549,35,0,263,193,614,503
1550,40,30,222,193,662,390
1551,40,30,205,178,709,371
1552,40,30,233,217,729,296
1553,40,30,207,215,719,264
1554,40,30,254,199,719,316
1555,40,30,257,193,720,285
1556,40,30,251,181,733,282
1557,40,30,207,211,700,302
1558,40,30,310,183,686,262
1559,40,30,243,219,462,168
1560,31,39,278,444,359,251
1561,31,39,283,583,257,247
1562,31,39,312,676,311,317
1563,31,39,274,702,275,278
1564,31,39,316,712,313,286
1565,31,39,274,709,286,250
1566,31,39,317,720,320,285
1567,31,39,334,717,288,317
1568,31,39,281,685,296,329
1569,31,39,399,578,336,327
1570,0,35,573,395,370,340
1571,0,35,709,277,365,332
1572,0,35,739,253,359,326
1573,0,35,753,224,371,333
1574,0,35,752,189,310,335
1575,0,35,744,184,293,285
1576,0,35,742,169,311,311
1577,0,35,735,175,324,312
1578,0,35,727,180,326,310
1579,0,35,722,208,317,310
1580,0,35,712,215,279,304
1581,0,35,704,223,273,295
1582,0,35,687,266,281,299
1583,0,35,666,278,264,279
1584,0,35,638,268,264,305
1585,0,35,565,312,292,283
1586,0,35,478,315,264,260
1587,0,35,444,436,284,266
1588,31,39,374,566,262,188
1589,31,39,305,634,257,236
1590,31,39,279,657,261,251
1591,31,39,239,668,296,305
1592,31,39,169,680,277,275
1593,31,39,189,667,286,225
1594,31,39,198,673,337,248
1595,31,39,233,674,277,194
1596,31,39,174,672,273,202
1597,31,39,193,675,257,209
1598,31,39,200,673,232,218
1599,31,39,195,657,220,213
1600,31,39,176,666,269,265
1601,31,39,176,635,351,225
1602,35,35,229,568,478,236
1603,35,35,236,431,698,221
1604,40,30,240,308,717,226
1605,40,30,274,148,701,399
1606,35,0,217,168,704,621
1607,35,0,210,175,662,737
1608,35,0,210,200,550,736
1609,35,0,153,124,452,731
1610,35,0,153,126,391,734
1611,35,0,138,114,280,727
1612,35,0,133,177,257,731
1613,35,0,172,175,278,734
1614,35,0,240,161,290,735
1615,35,0,208,161,355,743
1616,35,0,313,210,431,749
1617,35,0,213,176,467,752
1618,35,0,269,163,494,759
1619,35,0,228,101,510,752
1620,35,0,252,121,522,757
1621,35,0,209,123,537,765
1622,35,0,194,135,551,767
1623,35,0,193,156,572,760
1624,35,0,204,172,594,747
1625,35,0,231,210,618,652
1626,35,0,219,202,656,628
1627,35,0,252,185,673,551
1628,35,0,246,186,693,507
1629,35,0,187,160,704,405
1630,40,30,215,213,713,369
1631,40,30,263,219,712,353
1632,40,30,293,139,727,315
1633,40,30,287,163,731,293
1634,40,30,329,187,756,286
1635,40,30,263,124,753,307
1636,40,30,250,209,749,280
1637,40,30,222,191,741,303
1638,40,30,225,267,702,345
1639,40,30,246,394,535,311
1640,35,35,270,498,450,283
1641,35,35,276,620,412,308
1642,31,39,205,685,361,249
1643,31,39,250,697,362,310
1644,31,39,237,698,319,248
1645,31,39,294,707,272,286
1646,31,39,271,703,310,251
1647,31,39,259,696,353,280
1648,31,39,216,711,285,272
1649,31,39,238,671,296,277
1650,31,39,387,549,251,270
1651,0,35,464,384,321,257
1652,0,35,641,243,236,296
1653,0,35,675,228,263,287
1654,0,35,688,200,311,337
1655,0,35,673,252,320,335
1656,0,35,615,295,303,296
1657,0,35,588,301,294,293
1658,0,35,542,292,287,279
1659,0,35,524,300,323,266
1660,0,35,485,341,330,258
1661,0,35,410,415,324,268
1662,31,39,333,464,297,259
1663,31,39,284,528,293,264
1664,31,39,218,585,278,279
1665,31,39,262,598,325,232
1666,31,39,273,621,335,259
1667,31,39,288,643,327,266
1668,31,39,190,651,307,302
1669,31,39,251,656,258,285
1670,31,39,281,678,308,290
1671,31,39,269,678,300,278
1672,31,39,251,682,320,304
1673,31,39,253,678,289,263
1674,31,39,229,689,267,271
1675,31,39,204,690,297,239
1676,31,39,183,680,271,218
1677,31,39,169,680,218,232
1678,31,39,165,684,241,215
1679,31,39,199,678,275,196
1680,31,39,217,672,324,216
1681,31,39,204,620,323,227
1682,31,39,182,579,298,216
1683,31,39,167,479,299,237
1684,40,30,216,400,436,275
1685,40,30,209,215,492,174
1686,40,30,219,134,658,196
1687,40,30,146,151,705,282
1688,40,30,229,162,700,247
1689,40,30,278,168,745,219
1690,40,30,243,179,703,270
1691,40,30,258,227,716,218
1692,40,30,234,209,713,255
1693,40,30,224,183,705,297
1694,40,30,235,155,701,392
1695,35,0,155,183,649,504
1696,35,0,211,185,562,714
1697,35,0,244,126,463,728
1698,35,0,221,101,386,724
1699,35,0,176,103,317,719
1700,35,0,229,119,304,720
1701,35,0,192,107,323,726
1702,35,0,212,115,380,730
1703,35,0,237,156,397,728
1704,35,0,208,160,461,725
1705,35,0,204,173,480,730
1706,35,0,283,213,517,737
1707,35,0,296,212,560,728
1708,35,0,397,210,613,724
1709,35,0,370,200,629,677
1710,35,0,226,173,643,656
1711,35,0,182,162,659,629
1712,35,0,236,157,663,636
1713,35,0,251,176,665,566
1714,35,0,205,173,674,541
1715,35,0,245,121,676,545
1716,35,0,265,118,690,630
1717,35,0,239,169,701,590
1718,35,0,221,204,709,533
1719,35,0,201,268,708,432
1720,35,0,232,199,710,488
1721,35,0,275,186,712,447
1722,35,0,183,209,721,443
1723,35,0,205,205,730,430
1724,35,0,383,184,728,442
1725,35,0,274,176,725,421
1726,40,30,276,122,732,388
1727,40,30,261,139,718,386
1728,35,0,358,161,725,408
1729,40,30,236,110,725,362
1730,40,30,233,154,724,355
1731,40,30,253,151,730,370
1732,40,30,205,164,727,380
1733,35,0,182,158,734,401
1734,35,0,229,228,727,441
1735,35,0,231,201,720,424
1736,40,30,219,179,724,398
1737,35,0,206,163,720,427
1738,35,0,302,193,728,441
1739,40,30,309,196,724,395
1740,35,0,374,220,728,416
1741,35,0,399,222,737,413
1742,40,30,368,210,741,388
1743,40,30,352,208,729,397
1744,40,30,270,266,728,387
1745,40,30,322,223,736,371
1746,35,0,311,226,739,411
1747,40,30,336,229,731,334
1748,40,30,304,181,734,392
1749,35,0,396,212,740,481
1750,35,0,394,189,737,419
1751,35,0,346,218,741,438
1752,35,0,311,233,731,450
1753,35,0,287,215,733,449
1754,35,0,288,213,735,425
1755,40,30,262,246,729,385
1756,40,30,298,218,730,362
1757,40,30,298,219,736,335
1758,40,30,289,187,738,280
1759,40,30,304,180,726,244
1760,40,30,315,171,727,279
1761,40,30,303,221,727,286
1762,40,30,230,181,726,296
1763,40,30,245,191,729,326
1764,40,30,245,231,723,358
1765,40,30,203,222,716,393
1766,40,30,186,203,717,365
1767,35,0,185,180,704,404
1768,35,0,259,180,695,423
1769,35,0,188,167,684,456
1770,35,0,146,103,680,489
1771,35,0,194,100,680,443
1772,35,0,201,104,696,450
1773,35,0,253,126,697,448
1774,40,30,302,168,705,392
1775,35,0,302,182,711,412
1776,40,30,337,191,719,377
1777,40,30,361,195,719,348
1778,40,30,340,205,724,301
1779,40,30,224,216,719,303
1780,40,30,156,180,723,299
1781,40,30,199,129,714,320
1782,40,30,221,151,711,281
1783,40,30,271,154,725,282
1784,40,30,233,156,717,297
1785,40,30,207,178,724,288
1786,40,30,214,103,709,271
1787,40,30,219,114,703,239
1788,40,30,256,141,715,198
1789,40,30,139,136,693,207
1790,40,30,198,176,697,197
1791,40,30,171,151,707,208
1792,40,30,212,171,708,204
1793,40,30,186,158,703,184
1794,40,30,198,136,690,225
1795,40,30,166,105,707,211
1796,40,30,176,104,721,240
1797,40,30,173,113,734,124
1798,40,30,146,105,726,218
1799,40,30,96,119,664,206
1800,40,30,223,238,633,232
1801,40,30,167,363,510,246
1802,40,30,1023,1023,1023,1023
1803,40,30,1023,1023,1023,1023
1804,40,30,338,1023,387,433
1805,31,39,178,685,233,219
1806,31,39,1023,1023,1023,1023
1807,31,39,351,691,255,326
1808,31,39,1023,1023,1023,1023
1809,31,39,1023,1023,1023,1023
1810,31,39,1023,1023,1023,1023
1811,31,39,1023,1023,1023,1023
1812,31,39,1023,1023,1023,1023
1813,31,39,1023,1023,1023,1023
1814,31,39,1023,1023,1023,1023
1815,31,39,1023,1023,1023,1023
1816,31,39,1023,1023,1023,1023
1817,31,39,1023,1023,1023,1023
1818,31,39,1023,1023,1023,1023
1819,31,39,1023,1023,1023,1023
1820,31,39,1023,1023,1023,1023
1821,31,39,1023,1023,1023,1023
1822,31,39,1023,1023,1023,1023
1823,31,39,261,206,309,262
1824,31,39,302,227,315,293
1825,31,39,1023,1023,1023,1023
1826,31,39,1023,1023,1023,1023
1827,31,39,293,258,356,339
1828,31,39,311,245,370,377
1829,31,39,340,230,336,312
1830,31,39,369,242,302,305
1831,31,39,1023,1023,1023,1023
1832,31,39,1023,1023,1023,1023
1833,31,39,292,231,353,314
1834,31,39,256,222,341,315
1835,31,39,289,170,323,325
1836,31,39,272,220,302,378
1837,31,39,358,210,333,362
1838,31,39,346,198,335,351
1839,31,39,320,178,311,287
1840,31,39,327,177,361,285
1841,31,39,282,234,332,347
1842,31,39,278,252,328,308
1843,31,39,279,183,291,284
1844,31,39,285,165,346,370
1845,31,39,224,206,301,311
1846,31,39,212,178,346,223
1847,31,39,234,181,286,256
1848,31,39,1023,1023,1023,1023
1849,31,39,1023,1023,1023,1023
1850,31,39,294,209,273,292
1851,31,39,221,129,234,326
1852,31,39,191,109,260,316
1853,31,39,166,170,312,342
1854,31,39,208,185,254,289
1855,31,39,213,195,239,306
1856,31,39,235,167,224,225
1857,31,39,229,174,297,243
1858,31,39,213,186,275,270
1859,31,39,250,121,249,342
1860,31,39,271,134,297,310
1861,31,39,263,145,289,241
1862,31,39,250,135,287,249
1863,31,39,212,175,314,254
1864,31,39,226,156,283,237
1865,31,39,232,182,279,279
1866,31,39,120,160,254,297
1867,31,39,170,205,223,314
1868,31,39,159,154,209,273
1869,31,39,170,172,267,273
1870,31,39,243,154,298,288
1871,31,39,213,188,305,256
1872,31,39,268,132,310,255
1873,31,39,398,136,291,253
1874,0,35,564,206,273,272
1875,0,35,671,173,348,269
1876,0,35,719,151,307,273
1877,0,35,715,113,231,224
1878,0,35,716,103,215,282
1879,0,35,665,118,264,297
1880,0,35,682,95,214,270
1881,0,35,680,92,232,280
1882,0,35,659,208,295,271
1883,0,35,419,320,237,255
1884,31,39,265,586,223,180
1885,31,39,222,650,288,248
1886,31,39,230,667,297,292
1887,31,39,244,662,301,244
1888,31,39,218,682,285,208
1889,31,39,198,660,302,182
1890,31,39,190,623,316,235
1891,35,35,206,508,433,213
1892,40,30,214,260,640,221
1893,40,30,222,208,679,212
1894,40,30,227,180,725,200
1895,40,30,250,138,719,279
1896,40,30,236,167,706,261
1897,40,30,163,159,715,260
1898,40,30,175,183,678,312
1899,40,30,215,201,627,358
1900,35,0,246,174,550,426
1901,35,0,236,122,499,498
1902,35,0,245,132,436,560
1903,35,0,242,114,424,529
1904,35,0,235,90,433,499
1905,35,0,214,93,479,495
1906,35,0,215,113,516,475
1907,35,0,252,134,556,455
1908,40,30,244,130,604,391
1909,40,30,276,154,650,300
1910,40,30,264,163,692,311
1911,40,30,303,183,715,300
1912,40,30,261,192,757,263
1913,40,30,253,194,724,271
1914,40,30,255,197,721,301
1915,40,30,230,199,733,267
1916,40,30,283,178,735,275
1917,40,30,303,183,720,296
1918,40,30,323,201,719,300
1919,40,30,296,233,705,295
1920,40,30,264,298,626,221
1921,35,35,335,444,463,297
1922,31,39,279,595,367,266
1923,31,39,254,749,364,253
1924,31,39,281,788,369,302
1925,31,39,219,725,344,86
1926,31,39,282,683,303,306
1927,0,35,555,664,290,279
1928,0,35,694,525,362,372
1929,0,35,694,296,286,320
1930,0,35,681,177,309,346
1931,0,35,676,190,358,363
1932,0,35,673,243,324,328
1933,0,35,677,244,280,368
1934,0,35,694,285,318,360
1935,0,35,690,341,294,298
1936,0,35,691,416,319,271
1937,0,35,683,477,321,294
1938,0,35,651,535,293,302
1939,0,35,545,564,289,228
1940,0,35,497,590,306,193
1941,0,35,445,643,233,212
1942,31,39,381,665,297,274
1943,31,39,304,724,344,284
1944,31,39,333,716,320,300
1945,31,39,286,716,335,333
1946,31,39,261,728,287,321
1947,31,39,221,718,335,282
1948,31,39,263,718,284,284
1949,31,39,232,714,197,270
1950,31,39,247,694,249,256
1951,31,39,270,691,241,219
1952,31,39,266,695,275,207
1953,31,39,201,696,304,238
1954,31,39,100,683,310,182
1955,31,39,140,702,316,220
1956,31,39,197,689,281,272
1957,31,39,197,710,298,278
1958,31,39,183,702,306,247
1959,31,39,252,713,302,245
1960,31,39,245,707,313,228
1961,31,39,241,698,281,254
1962,31,39,305,698,284,267
1963,31,39,273,699,337,263
1964,31,39,306,681,332,282
1965,0,35,414,645,316,305
1966,0,35,428,587,319,276
1967,0,35,485,537,344,270
1968,0,35,443,523,253,288
1969,0,35,405,573,280,261
1970,31,39,277,644,261,244
1971,31,39,241,674,224,249
1972,31,39,213,686,246,228
1973,31,39,279,683,277,239
1974,31,39,267,668,276,259
1975,31,39,247,686,325,282
1976,31,39,218,682,278,226
1977,31,39,184,662,292,172
1978,31,39,235,680,259,189
1979,31,39,187,676,189,226
1980,31,39,208,668,207,261
1981,31,39,115,665,285,224
1982,31,39,92,654,248,256
1983,31,39,110,683,238,232
1984,31,39,199,640,283,233
1985,31,39,186,625,256,237
1986,31,39,208,639,224,234
1987,31,39,260,620,272,264
1988,31,39,226,570,236,230
1989,31,39,219,563,232,240
1990,31,39,300,555,289,288
1991,31,39,277,532,257,258
1992,31,39,378,524,227,223
1993,0,35,402,484,230,163
1994,0,35,526,383,215,233
1995,0,35,541,304,165,209
1996,0,35,509,404,199,204
1997,31,39,346,509,207,166
1998,31,39,269,616,218,193
1999,31,39,183,647,224,184
2000,31,39,231,674,264,248
2001,31,39,224,679,203,204
2002,31,39,164,661,260,213
2003,31,39,202,667,311,136
2004,31,39,92,647,308,82
2005,31,39,92,636,264,214
2006,31,39,130,638,247,204
2007,31,39,116,642,232,166
2008,31,39,185,649,273,160
2009,31,39,183,663,203,217
2010,31,39,220,641,289,299
2011,31,39,179,658,246,200
2012,31,39,214,655,299,243
2013,31,39,217,654,226,262
2014,31,39,221,634,270,185
2015,31,39,273,720,289,232
2016,31,39,248,790,271,259
2017,31,39,203,737,293,235
2018,31,39,178,700,336,216
2019,31,39,187,674,310,248
2020,31,39,183,677,291,246
2021,31,39,182,674,376,233
2022,31,39,215,646,271,292
2023,31,39,237,585,318,277
2024,35,35,213,486,439,237
2025,35,35,135,405,559,218
2026,40,30,143,133,686,323
2027,40,30,179,109,709,200
2028,40,30,164,213,691,265
2029,40,30,154,104,681,298
2030,35,0,231,116,684,470
2031,35,0,158,122,625,703
2032,35,0,209,92,487,718
2033,35,0,157,95,430,713
2034,35,0,159,95,272,711
2035,35,0,223,96,256,695
2036,35,0,150,96,230,707
2037,35,0,193,94,269,711
2038,35,0,243,109,263,723
2039,35,0,231,137,281,719
2040,35,0,306,175,301,745
2041,35,0,295,223,392,750
2042,35,0,228,187,467,760
2043,35,0,188,250,516,726
2044,35,0,269,187,549,725
2045,35,0,267,237,582,700
2046,35,0,231,206,594,592
2047,35,0,210,185,630,529
2048,35,0,252,158,651,562
2049,35,0,251,155,675,469
2050,35,0,215,172,708,443
2051,40,30,236,101,732,362
2052,40,30,297,132,693,297
2053,40,30,282,126,712,287
2054,40,30,273,167,692,268
2055,40,30,301,165,700,294
2056,40,30,270,186,721,263
2057,40,30,209,146,713,283
2058,40,30,228,161,711,298
2059,40,30,251,135,713,278
2060,40,30,305,158,710,303
2061,40,30,246,188,679,240
2062,40,30,278,298,578,244
2063,35,35,317,423,452,211
2064,31,39,270,510,320,263
2065,31,39,290,599,252,225
2066,31,39,314,678,266,249
2067,31,39,342,696,260,273
2068,31,39,273,718,258,287
2069,31,39,334,840,306,260
2070,0,35,629,635,264,273
2071,0,35,747,768,265,287
2072,0,35,750,682,249,280
2073,0,35,745,517,238,276
2074,0,35,736,463,261,287
2075,0,35,724,513,266,271
2076,0,35,721,538,270,269
2077,0,35,715,559,276,254
2078,0,35,709,551,269,258
2079,0,35,703,531,249,289
2080,0,35,706,494,239,292
2081,0,35,709,455,261,258
2082,0,35,701,439,254,257
2083,0,35,689,432,223,231
2084,0,35,696,424,258,268
2085,0,35,701,415,212,234
2086,0,35,698,384,223,275
2087,0,35,697,392,251,257
2088,0,35,688,385,265,238
2089,0,35,695,373,251,268
2090,0,35,688,291,262,207
2091,0,35,686,214,285,188
2092,0,35,711,142,280,248
2093,0,35,719,154,222,232
2094,0,35,720,195,260,248
2095,0,35,718,217,258,194
2096,0,35,718,228,246,145
2097,0,35,712,220,255,223
2098,0,35,712,252,244,175
2099,0,35,715,279,207,206
2100,0,35,725,304,229,201
2101,0,35,716,372,293,191
2102,0,35,637,471,294,162
2103,0,35,481,543,273,234
2104,0,35,416,585,277,287
2105,31,39,342,654,257,265
2106,31,39,356,687,213,227
2107,31,39,263,718,254,237
2108,31,39,293,694,343,238
2109,31,39,278,672,283,210
2110,31,39,327,750,263,233
2111,31,39,287,703,248,232
2112,31,39,317,714,344,273
2113,31,39,274,702,255,274
2114,31,39,313,722,328,321
2115,31,39,226,717,316,204
2116,31,39,316,721,277,305
2117,31,39,315,722,256,312
2118,31,39,303,720,285,303
2119,31,39,283,714,284,252
2120,31,39,248,719,283,241
2121,31,39,323,718,311,238
2122,31,39,275,710,284,254
2123,31,39,296,718,277,281
2124,31,39,263,713,305,294
2125,31,39,242,718,270,268
2126,31,39,255,712,297,281
2127,31,39,221,717,308,288
2128,31,39,263,717,349,293
2129,31,39,318,714,334,242
2130,31,39,317,704,326,285
2131,31,39,267,678,324,260
2132,31,39,315,655,389,293
2133,31,39,297,623,352,274
2134,31,39,323,579,370,277
2135,35,35,313,535,402,295
2136,35,35,293,432,444,261
2137,40,30,214,322,508,270
2138,40,30,236,205,591,303
2139,40,30,231,143,681,328
2140,40,30,202,96,715,254
2141,40,30,205,141,722,304
2142,40,30,255,185,726,273
2143,40,30,286,253,736,276
2144,40,30,227,151,719,264
2145,40,30,225,129,740,308
2146,40,30,227,153,735,343
2147,40,30,207,108,721,259
2148,40,30,199,248,724,286
2149,40,30,251,103,714,318
2150,40,30,233,112,713,301
2151,40,30,219,130,688,322
2152,40,30,194,146,680,291
2153,40,30,219,209,672,306
2154,40,30,230,195,679,265
2155,40,30,209,159,666,261
2156,40,30,183,146,666,228
2157,40,30,251,219,650,352
2158,40,30,129,157,583,276
2159,40,30,217,196,573,252
2160,40,30,183,278,460,236
2161,40,30,204,330,475,244
2162,40,30,174,336,398,248
2163,40,30,218,363,456,317
2164,31,39,279,434,400,305
2165,31,39,285,466,358,315
2166,31,39,208,493,303,314
2167,31,39,214,524,345,294
2168,31,39,237,527,366,289
2169,31,39,229,529,371,278
2170,31,39,202,545,324,217
2171,31,39,256,574,338,226
2172,31,39,282,563,315,237
2173,31,39,319,557,302,234
2174,31,39,309,551,360,270
2175,31,39,281,552,349,251
2176,31,39,249,557,364,244
2177,31,39,207,563,274,261
2178,31,39,202,563,301,281
2179,31,39,234,575,368,266
2180,31,39,174,574,366,255
2181,31,39,253,508,329,246
2182,31,39,235,479,348,265
2183,35,35,252,451,405,262
2184,40,30,250,376,461,273
2185,40,30,246,339,493,300
2186,40,30,211,351,455,281
2187,40,30,190,384,433,233
2188,31,39,236,435,395,224
2189,31,39,236,481,390,253
2190,31,39,227,519,352,287
2191,31,39,258,569,329,218
2192,31,39,272,548,373,217
2193,31,39,252,542,332,268
2194,31,39,266,531,386,272
2195,31,39,231,507,318,232
2196,31,39,171,527,332,205
2197,31,39,156,515,359,208
2198,31,39,272,528,341,223
2199,35,35,199,476,427,272
2200,31,39,162,471,377,260
2201,40,30,163,394,402,271
2202,40,30,218,303,440,192
2203,40,30,193,240,465,238
2204,40,30,203,266,462,265
2205,40,30,209,289,502,266
2206,40,30,273,271,467,236
2207,40,30,182,269,482,235
2208,40,30,229,215,466,202
2209,40,30,316,257,506,194
2210,40,30,234,265,484,219
2211,40,30,193,181,490,259
2212,40,30,173,199,523,282
2213,40,30,205,147,479,262
2214,40,30,195,202,473,254
2215,40,30,242,208,481,238
2216,40,30,226,204,418,231
2217,40,30,242,209,448,266
2218,40,30,184,212,425,255
2219,40,30,226,250,506,231
2220,40,30,233,269,491,214
2221,40,30,218,205,479,233
2222,40,30,193,240,439,279
2223,40,30,162,349,416,192
2224,31,39,196,404,392,203
2225,31,39,183,437,395,219
2226,31,39,221,455,366,179
2227,31,39,190,492,357,222
2228,31,39,226,502,343,181
2229,35,35,164,483,404,225
2230,31,39,162,470,375,211
2231,31,39,287,460,392,189
2232,35,35,211,469,403,274
2233,31,39,286,479,392,218
2234,31,39,304,430,335,264
2235,35,35,258,405,408,240
2236,40,30,275,308,459,221
2237,40,30,198,218,489,291
2238,40,30,245,282,489,301
2239,40,30,219,324,441,304
2240,40,30,229,400,434,293
2241,31,39,204,425,376,283
2242,31,39,225,456,366,269
2243,31,39,233,474,363,257
2244,35,35,198,501,403,228
2245,31,39,169,509,400,246
2246,31,39,226,462,400,307
2247,31,39,238,468,381,289
2248,35,35,311,465,410,297
2249,35,35,255,421,436,278
2250,40,30,254,357,415,330
2251,40,30,295,371,412,255
2252,40,30,277,366,482,288
2253,40,30,193,329,427,266
2254,40,30,194,342,431,222
2255,40,30,170,354,465,224
2256,40,30,113,336,421,219
2257,40,30,252,356,410,312
2258,40,30,197,331,404,261
2259,40,30,158,292,496,254
2260,40,30,194,244,461,264
2261,40,30,279,212,474,227
2262,40,30,287,262,538,219
2263,40,30,213,201,563,214
2264,40,30,246,253,623,259
2265,40,30,259,160,627,233
2266,40,30,230,187,682,303
2267,40,30,219,129,680,265
2268,40,30,256,134,691,239
2269,40,30,243,163,693,206
2270,40,30,278,210,704,171
2271,40,30,253,204,706,263
2272,40,30,160,140,693,193
2273,40,30,194,192,701,216
2274,40,30,177,106,692,147
2275,40,30,191,112,694,228
2276,40,30,184,114,696,234
2277,40,30,191,122,699,212
2278,40,30,200,118,700,183
2279,40,30,191,115,698,185
2280,40,30,189,117,698,202
2281,40,30,187,118,698,206
2282,40,30,187,115,697,200
2283,40,30,189,116,698,195
2284,40,30,187,116,697,197
2285,40,30,185,115,697,199
2286,40,30,186,114,697,197
2287,40,30,185,114,697,196
2288,40,30,184,114,697,196
2289,40,30,184,113,696,195
2290,40,30,184,113,697,195
2291,40,30,184,113,696,195
2292,40,30,183,113,696,195
2293,40,30,183,112,696,195
2294,40,30,182,112,696,194
2295,40,30,182,112,696,195
2296,40,30,182,112,696,194
2297,40,30,182,112,696,194
2298,40,30,181,111,695,194
2299,40,30,182,111,695,194
2300,40,30,181,111,695,193
2301,40,30,181,111,695,193
2302,40,30,181,111,695,193
2303,40,30,180,111,695,193
2304,40,30,180,110,696,193
2305,40,30,180,110,695,192
2306,40,30,180,110,695,193
2307,40,30,180,110,695,192
2308,40,30,180,110,695,192
2309,40,30,179,110,695,192
2310,40,30,179,110,695,192
2311,40,30,179,110,695,191
2312,40,30,179,110,695,192
2313,40,30,178,110,695,192
2314,40,30,178,109,694,191
2315,40,30,178,109,695,191
2316,40,30,178,109,694,191
